<?xml version="1.0" encoding="UTF-8"?>
<!DOCTYPE mapper
  PUBLIC "-//mybatis.org//DTD Mapper 3.0//EN"
  "http://mybatis.org/dtd/mybatis-3-mapper.dtd">
<mapper namespace="cn.easyproject.easyee.sm.sys.dao.SysMenuPermissionDAO">

	<resultMap type="SysMenuPermission" id="SysMenuPermissionMap">
		<result column="MENU_PERMISSION_ID" property="menuPermissionId"/>
		<result column="PARENT_ID" property="sysMenuPermission.menuPermissionId"/>
		<result column="SORT_NUM" property="sortNum"/>
	</resultMap>

    <insert id="add">
		INSERT INTO sys_menu_permission (
		  NAME,
		  ACTION,
		  PARENT_ID,
		  SORT_NUM,
		  ICON,
		  REMARK
		) 
		VALUES
		  (
		    #{name},
		    #{action},
		    #{sysMenuPermission.menuPermissionId},
		    #{sortNum},
		    #{icon},
		    #{remark}
		  ) 
	</insert>
	<update id="update">
		UPDATE 
		  sys_menu_permission 
		SET
		  NAME = #{name},
		  ACTION = #{action},
		  PARENT_ID =  #{sysMenuPermission.menuPermissionId},
		  SORT_NUM = #{sortNum},
		  ICON = #{icon},
		  REMARK = #{remark} 
		WHERE MENU_PERMISSION_ID = #{menuPermissionId}
	</update>
	
	
	<delete id="deleteMenuRoles">
		delete from sys_role_menu_permission where MENU_PERMISSION_ID=#{menuPermissionId}
	</delete>
	<delete id="deleteMenuOperationRoles">
		delete from sys_role_operation_permission where OPERATION_PERMISSION_ID in (
			select OPERATION_PERMISSION_ID from sys_operation_permission where MENU_PERMISSION_ID=#{menuPermissionId}
		)
	</delete>
	<delete id="deleteMenuOperation">
		delete from sys_operation_permission where MENU_PERMISSION_ID=#{menuPermissionId}
	</delete>
	<delete id="delete">
		delete from sys_menu_permission where MENU_PERMISSION_ID=#{menuPermissionId}
	</delete>
    
	<select id="get" resultMap="SysMenuPermissionMap">
		select * from sys_menu_permission where MENU_PERMISSION_ID=#{menuPermissionId}
	</select>
	<select id="list" resultMap="SysMenuPermissionMap">
		select * from sys_menu_permission
	</select>
	<select id="listAll" resultType="hashmap">
		SELECT 
		  'menu' as type,
		  MENU_PERMISSION_ID as id,
		  NAME as name,
		  ACTION as action,
		  ifnull(PARENT_ID,0) as parentId,
		  REMARK as remark,
		  SORT_NUM as sortNum,
		  ICON as icon
		FROM
		  easysm.sys_menu_permission 
		UNION
		SELECT 
		  'operation' as type,
		  OPERATION_PERMISSION_ID as id,
		  NAME as name,
		  ACTION as action,
		  ifnull(MENU_PERMISSION_ID,0) as parentId,
		  REMARK as remark,
		  0,
		  null
		FROM
		  easysm.sys_operation_permission 
	</select>

	<select id="getIdsByRoleId" resultType="string">
		select menu_Permission_Id from sys_role_menu_permission where ROLE_ID=#{roleId}
	</select>
	
	<select id="getMaxSortNum" resultType="int">
		<choose>
			<when test="parentId!=-1">
			select IFNULL(max(SORT_NUM),0) from sys_menu_permission where PARENT_ID=#{parentId}
			</when>
			<otherwise>
			select IFNULL(max(SORT_NUM),0) from sys_menu_permission where PARENT_ID is null
			</otherwise>
		</choose>
	</select>
	<select id="getSortNum" resultType="boolean">
		select ifnull(SORT_NUM,0) from sys_menu_permission where MENU_PERMISSION_ID=#{menuPermissionId}
	</select>
	<select id="hashChildMenu" resultType="int">
		select count(*) from sys_menu_permission where parent_id=#{menuPermissionId}
	</select>
	
	<!-- MOVE -->
	<select id="getDownNeighbor" resultMap="SysMenuPermissionMap">
		<![CDATA[
		select 
			*
		from 
			sys_menu_permission 
		where 
			PARENT_ID=#{sysMenuPermission.menuPermissionId}
		and 
			sort_Num=(
				select 
					min(SORT_NUM) 
				from 
					sys_menu_permission 
				where 
					PARENT_ID=#{sysMenuPermission.menuPermissionId} and SORT_NUM>#{sortNum}
			)
		]]>
	</select>
	<select id="getUpNeighbor" resultMap="SysMenuPermissionMap">
		<![CDATA[
		select 
			*
		from 
			sys_menu_permission 
		where 
			PARENT_ID=#{sysMenuPermission.menuPermissionId}
		and 
			sort_Num=(
				select 
					max(SORT_NUM) 
				from 
					sys_menu_permission 
				where 
					PARENT_ID=#{sysMenuPermission.menuPermissionId} and SORT_NUM<#{sortNum}
			)
		]]>
	</select>
	<update id="move">
		update sys_menu_permission set SORT_NUM=#{sortNum} where MENU_PERMISSION_ID=#{menuPermissionId}
	</update>
	
	<select id="listByUserId" resultMap="SysMenuPermissionMap">
		select smp.*  from sys_menu_permission smp, sys_role_menu_permission srmp, sys_user_role sur
		where sur.ROLE_ID=srmp.ROLE_ID and smp.MENU_PERMISSION_ID=srmp.MENU_PERMISSION_ID and sur.USER_ID=#{userId}
	</select>

	
</mapper>