<?xml version="1.0" encoding="UTF-8"?>
<!DOCTYPE mapper
  PUBLIC "-//mybatis.org//DTD Mapper 3.0//EN"
  "http://mybatis.org/dtd/mybatis-3-mapper.dtd">
<mapper namespace="cn.easyproject.easyee.sm.sys.dao.SysOperationPermissionDAO">
	<resultMap type="SysOperationPermission" id="SysOperationPermissionMap">
		<result column="OPERATION_PERMISSION_ID" property="operationPermissionId"/>
		<result column="MENU_PERMISSION_ID" property="sysMenuPermission.menuPermissionId"/>
	</resultMap>
	
	<insert id="add" useGeneratedKeys="true" keyColumn="OPERATION_PERMISSION_ID" keyProperty="operationPermissionId">
		insert into sys_operation_permission (
		  MENU_PERMISSION_ID,
		  NAME,
		  ACTION,
		  REMARK
		) 
		values
		  (
		    #{sysMenuPermission.menuPermissionId},
		    #{name},
		    #{action},
		    #{remark}
		  ) 
	</insert>
	<delete id="delete">
		delete from sys_operation_permission WHERE OPERATION_PERMISSION_ID = #{operationPermissionId}
	</delete>
	<delete id="deleteOperationRoles">
		delete from sys_role_operation_permission where OPERATION_PERMISSION_ID=#{operationPermissionId}
	</delete>
	
	<delete id="deleteByIds">
		delete from sys_operation_permission 
		 WHERE OPERATION_PERMISSION_ID in
		  <foreach item="item" index="index" collection="array"
		      open="(" separator="," close=")">
		        #{item}
		  </foreach>
	</delete>
	<delete id="deleteOperationRolesByIds">
		delete from sys_role_operation_permission 
		 WHERE OPERATION_PERMISSION_ID in
		  <foreach item="item" index="index" collection="array"
		      open="(" separator="," close=")">
		        #{item}
		  </foreach>
	</delete>
	
	
	<delete id="deleteByMenuPermissionId">
		delete from sys_operation_permission 
		 WHERE MENU_PERMISSION_ID=#{menuPermissionId}
	</delete>
	
	<update id="update">
		UPDATE 
		   sys_operation_permission 
		SET
		  NAME = #{name},
		  ACTION = #{action},
		  REMARK = #{remark} 
		WHERE OPERATION_PERMISSION_ID = #{operationPermissionId}
	</update>
	
	

	
	<select id="get" resultMap="SysOperationPermissionMap">
		select 
		  sop.OPERATION_PERMISSION_ID,
		  sop.MENU_PERMISSION_ID,
		  sop.NAME,
		  sop.ACTION,
		  sop.REMARK 
		from
		   sys_operation_permission  sop
		where 
		   sop.OPERATION_PERMISSION_ID=#{operationPermissionId}
	</select>
	
	<select id="list" resultMap="SysOperationPermissionMap">
	select 
	 OPERATION_PERMISSION_ID ,
	  NAME as name,
	  ACTION as action,
	  REMARK as remark
	from
	 sys_operation_permission  where MENU_PERMISSION_ID=#{menuId}
	</select>
	
	<select id="getIdsByRoleId" resultType="string">
	select Operation_Permission_Id from sys_role_operation_permission where ROLE_ID=#{roleId}
	</select>
	
	<select id="getAllOpreationNames" resultType="hashmap">
	select action as action,name as name,remark as remark from Sys_Menu_Permission
	union
	select action as action,name as name,remark as remark from Sys_Operation_Permission
	</select>
	
</mapper>