<?xml version="1.0" encoding="UTF-8"?>
<!DOCTYPE mapper
  PUBLIC "-//mybatis.org//DTD Mapper 3.0//EN"
  "http://mybatis.org/dtd/mybatis-3-mapper.dtd">
<mapper namespace="cn.easyproject.easyee.sm.sys.dao.SysRoleDAO">
	
	<resultMap type="SysRole" id="SysRoleMap">
		<result column="ROLE_ID" property="roleId"/>
	</resultMap>
	
	<insert id="add" useGeneratedKeys="true" keyColumn="ROLE_ID" keyProperty="roleId">
		INSERT INTO sys_role (
		  NAME,
		  STATUS,
		  REMARK
		) 
		VALUES
		  (
		    #{name},
		    #{status},
		    #{remark}
		  ) 
	</insert>
	<insert id="addRoleMenus">
		insert into sys_role_menu_permission(ROLE_ID, MENU_PERMISSION_ID) values
		<foreach collection="sysMenuPermissions" separator="," item="item">
		(${roleId}, ${item.menuPermissionId})
		</foreach>
	</insert>
	<insert id="addRoleOperations">
		insert into sys_role_operation_permission(ROLE_ID, OPERATION_PERMISSION_ID) values
		<foreach collection="sysOperationPermissions" separator="," item="item">
		(${roleId}, ${item.operationPermissionId})
		</foreach>
	</insert>
	
	
	<delete id="delete">
		delete from sys_role where role_id=#{roleId}	
	</delete>
	<delete id="deleteRoleUsers">
		delete from sys_user_role where role_id=#{roleId}	
	</delete>
	<delete id="deleteRoleMenus">
		delete from sys_role_menu_permission where role_id=#{roleId}	
	</delete>
	<delete id="deleteRoleOperations">
		delete from sys_role_operation_permission where role_id=#{roleId}	
	</delete>
	
	<update id="update">
		update 
		  sys_role 
		set
		  NAME = #{name},
		  STATUS = #{status},
		  REMARK = #{remark} 
		where ROLE_ID = #{roleId}
	</update>
	
	<select id="get" resultMap="SysRoleMap">
		select * from sys_role where ROLE_ID = #{roleId}
	</select>
	<select id="list" resultMap="SysRoleMap">
		select * from sys_role
	</select>
	<select id="pagination" resultMap="SysRoleMap">
		${autoSQL}
	</select>
	<select id="findMaxRow" resultType="int">
		select count(*) from sys_role
	</select>
	<select id="existsName" resultType="int">
		select count(*) from Sys_Role where lower(name)=#{name}
	</select>
	<select id="existsNameWhenEdit" resultType="int">
		select count(*) from Sys_Role where lower(name)=#{name} and role_Id!=#{roleId}
	</select>
	<select id="getAllPermissionsIds" resultType="hashmap">
		select 'menu' as type,menu_Permission_Id as id from sys_role_menu_permission where ROLE_ID=#{roleId}
		union
		select 'operation' as type,Operation_Permission_Id as id from sys_role_operation_permission where ROLE_ID=#{roleId}
	</select>
	
</mapper>