<?xml version="1.0" encoding="utf-8"?>
<!DOCTYPE hibernate-mapping PUBLIC "-//Hibernate/Hibernate Mapping DTD 3.0//EN"
"http://www.hibernate.org/dtd/hibernate-mapping-3.0.dtd">
<!-- 
    Mapping file autogenerated by MyEclipse Persistence Tools
-->
<hibernate-mapping>
    <class name="cn.easyproject.easyee.ssh.sys.entity.SysUser" table="sys_user" catalog="easyssh">
        <id name="userId" type="java.lang.Integer">
            <column name="USER_ID" />
            <generator class="identity"></generator>
        </id>
        <property name="name" type="java.lang.String">
            <column name="NAME" length="50" not-null="true" />
        </property>
        <property name="password" type="java.lang.String">
            <column name="PASSWORD" length="100" not-null="true" />
        </property>
        <property name="status" type="java.lang.Integer">
            <column name="STATUS" />
        </property>
        <property name="realName" type="java.lang.String">
            <column name="REAL_NAME" length="50"  />
        </property>
        <set name="sysRoles" inverse="false" table="sys_user_role" catalog="easyssh" lazy="false">
            <key>
                <column name="USER_ID" not-null="true" />
            </key>
            <many-to-many entity-name="cn.easyproject.easyee.ssh.sys.entity.SysRole">
                <column name="ROLE_ID" not-null="true" />
            </many-to-many>
        </set>
    </class>
</hibernate-mapping>
