<?xml version="1.0" encoding="utf-8"?>
<!DOCTYPE hibernate-mapping PUBLIC "-//Hibernate/Hibernate Mapping DTD 3.0//EN"
"http://www.hibernate.org/dtd/hibernate-mapping-3.0.dtd">
<!-- 
    Mapping file autogenerated by MyEclipse Persistence Tools
-->
<hibernate-mapping>
    <class name="cn.easyproject.easyee.ssh.sys.entity.SysLog" table="sys_log" catalog="easyssh">
        <id name="logId" type="java.lang.Integer">
            <column name="LOG_ID" />
            <generator class="identity"></generator>
        </id>
        <property name="action" type="java.lang.String">
            <column name="ACTION" length="500" />
        </property>
        <property name="parameters" type="java.lang.String">
            <column name="PARAMETERS" length="500" />
        </property>
        <property name="res" type="java.lang.String">
            <column name="RES" length="500" />
        </property>
        <property name="account" type="java.lang.String">
            <column name="ACCOUNT" length="200" />
        </property>
        <property name="ip" type="java.lang.String">
            <column name="IP" length="200" />
        </property>
        <property name="logTime" type="java.sql.Timestamp">
            <column name="LOG_TIME" length="19" />
        </property>
    </class>
</hibernate-mapping>
