<?xml version="1.0" encoding="utf-8"?>
<!DOCTYPE hibernate-mapping PUBLIC "-//Hibernate/Hibernate Mapping DTD 3.0//EN"
"http://www.hibernate.org/dtd/hibernate-mapping-3.0.dtd">
<!-- 
    Mapping file autogenerated by MyEclipse Persistence Tools
-->
<hibernate-mapping>
    <class name="cn.easyproject.easyee.ssh.sys.entity.SysRole" table="sys_role" catalog="easyssh">
        <id name="roleId" type="java.lang.Integer">
            <column name="ROLE_ID" />
            <generator class="identity"></generator>
        </id>
        <property name="name" type="java.lang.String">
            <column name="NAME" length="50" not-null="true" />
        </property>
        <property name="status" type="java.lang.Integer">
            <column name="STATUS" />
        </property>
        <property name="remark" type="java.lang.String">
            <column name="REMARK" length="500" />
        </property>
        <set name="sysOperationPermissions" inverse="false" table="sys_role_operation_permission" catalog="easyssh">
            <key>
                <column name="ROLE_ID" not-null="true" />
            </key>
            <many-to-many entity-name="cn.easyproject.easyee.ssh.sys.entity.SysOperationPermission">
                <column name="OPERATION_PERMISSION_ID" not-null="true" />
            </many-to-many>
        </set>
        <set name="sysMenuPermissions" inverse="false" table="sys_role_menu_permission"   catalog="easyssh">
            <key>
                <column name="ROLE_ID" not-null="true" />
            </key>
            <many-to-many entity-name="cn.easyproject.easyee.ssh.sys.entity.SysMenuPermission"  order-by="SORT_ORDER">
                <column name="MENU_PERMISSION_ID" not-null="true" />
            </many-to-many>
        </set>
        <set name="sysUsers" inverse="false" table="sys_user_role" catalog="easyssh">
            <key>
                <column name="ROLE_ID" not-null="true" />
            </key>
            <many-to-many entity-name="cn.easyproject.easyee.ssh.sys.entity.SysUser">
                <column name="USER_ID" not-null="true" />
            </many-to-many>
        </set>
    </class>
</hibernate-mapping>
