[
	{
	    "value":"default",
	    "text":"default"
	    ,"selected":true
    }
    ,
    {
	     "value":"black",
	    "text":"black"
    }
    ,
    {
	     "value":"bootstrap",
	    "text":"bootstrap"
    }
    ,
    {
	    "value":"gray",
	    "text":"gray"
    }
    ,
    {
	     "value":"metro",
	    "text":"metro"
    }
    ,
    {
	     "value":"metro-blue",
	    "text":"metro-blue"
    }
    ,
    {
	     "value":"metro-gray",
	    "text":"metro-gray"
    }
    ,
    {
	     "value":"metro-green",
	    "text":"metro-green"
    }
    ,
    {
	     "value":"metro-orange",
	    "text":"metro-orange"
    }
    ,
    {
	     "value":"metro-red",
	    "text":"metro-red"
    }
    ,
    {
	     "value":"ui-cupertino",
	    "text":"ui-cupertino"
    }
    ,
    {
	     "value":"ui-dark-hive",
	    "text":"ui-dark-hive"
    }
    ,
    {
	     "value":"ui-pepper-grinder",
	    "text":"ui-pepper-grinder"
    }
    ,
    {
	     "value":"ui-sunny",
	    "text":"ui-sunny"
    }
]