<!DOCTYPE struts PUBLIC
    "-//Apache Software Foundation//DTD Struts Configuration 2.5//EN"
    "http://struts.apache.org/dtds/struts-2.5.dtd">
<struts>
	<!-- easyssh 系统管理模块 -->
	<package name="easyssh-sys" extends="easyssh-default" namespace="/" >
		<!-- EasyUI框架响应结果都是JSON -->
		<action name="sysUser_*" class="cn.easyproject.easyee.ssh.sys.action.SysUserAction" method="{1}">
		<!-- 	<result name="toEdit">/WEB-INF/content/dialog/sys/sysuserEdit.jsp</result> -->
		</action>		
		<action name="sysRole_*" class="cn.easyproject.easyee.ssh.sys.action.SysRoleAction" method="{1}">
		</action>		
		<action name="sysMenuPermission_*" class="cn.easyproject.easyee.ssh.sys.action.SysMenuPermissionAction" method="{1}">
		</action>		
		<action name="sysOperationPermission_*" class="cn.easyproject.easyee.ssh.sys.action.SysOperationPermissionAction" method="{1}">
		</action>		
		<action name="sysLog_*" class="cn.easyproject.easyee.ssh.sys.action.SysLogAction" method="{1}">
		</action>		
		
	</package>
</struts>    
