<?xml version="1.0" encoding="utf-8"?>
<!DOCTYPE hibernate-mapping PUBLIC "-//Hibernate/Hibernate Mapping DTD 3.0//EN"
"http://www.hibernate.org/dtd/hibernate-mapping-3.0.dtd">
<!-- 
    Mapping file autogenerated by MyEclipse Persistence Tools
-->
<hibernate-mapping>
    <class name="cn.easyproject.easyee.ssh.module.entity.Emp" table="module_emp" catalog="easyssh">
        <id name="empno" type="java.lang.Integer">
            <column name="empno" />
            <generator class="identity"></generator>
        </id>
        <many-to-one name="dept" class="cn.easyproject.easyee.ssh.module.entity.Dept" fetch="select" lazy="false">
            <column name="deptno" />
        </many-to-one>
        <property name="ename" type="java.lang.String">
            <column name="ename" length="30" />
        </property>
        <property name="job" type="java.lang.String">
            <column name="job" length="30" />
        </property>
    </class>
</hibernate-mapping>
