<?xml version="1.0" encoding="utf-8"?>
<!DOCTYPE hibernate-mapping PUBLIC "-//Hibernate/Hibernate Mapping DTD 3.0//EN"
"http://www.hibernate.org/dtd/hibernate-mapping-3.0.dtd">
<!-- 
    Mapping file autogenerated by MyEclipse Persistence Tools
-->
<hibernate-mapping>
    <class name="cn.easyproject.easyee.ssh.module.entity.Dept" table="module_dept" catalog="easyssh">
        <id name="deptno" type="java.lang.Integer">
            <column name="deptno" />
            <generator class="identity"></generator>
        </id>
        <property name="dname" type="java.lang.String">
            <column name="dname" length="30" />
        </property>
        <property name="loc" type="java.lang.String">
            <column name="loc" />
        </property>
      <!--   <set name="moduleEmps" inverse="true">
            <key>
                <column name="deptno" />
            </key>
            <one-to-many class="cn.easyproject.easyee.ssh.module.entity.Emp" />
        </set> -->
    </class>
</hibernate-mapping>
