<?xml version="1.0" encoding="UTF-8" ?>
<!DOCTYPE struts PUBLIC "-//Apache Software Foundation//DTD Struts Configuration 2.1//EN" "http://struts.apache.org/dtds/struts-2.1.dtd">
<struts>

	<!-- easyssh 默认父包 -->
	<package name="easyssh-default" extends="json-default" namespace="/">
	
		<interceptors>
			<!-- 用户权限检测拦截器 -->
			<interceptor name="userPermissionCheck" class="cn.easyproject.easyee.ssh.sys.interceptor.UserInterctptor"></interceptor>
			<!-- 日志记录拦截器 -->
			<interceptor name="sysLog" class="cn.easyproject.easyee.ssh.sys.interceptor.LogInterceptor"></interceptor>
			<interceptor-stack name="easySSHStack">
				<interceptor-ref name="defaultStack"></interceptor-ref>
				<interceptor-ref name="userPermissionCheck">
					<!-- 排除验证的类完全限定名ClassName，多个之间使用,分隔，支持正则表达式 -->
					<param name="excludeClassNames">
						cn\.easyproject\.easyee\.ssh\.sys\.action\.LoginAction
					</param>
					<!-- 排除验证的Action名称ActioName，多个之间使用,分隔，支持正则表达式-->
					<param name="excludeActionNames">
						toLogin
					</param>
					<!-- 排除验证的方法名称Method，多个之间使用,分隔，支持*号通配符-->
					<param name="excludeMethods">
					
					</param>
				</interceptor-ref>
				<interceptor-ref name="sysLog"></interceptor-ref>
			</interceptor-stack>
		</interceptors>
		<!-- 默认拦截器 -->
		<default-interceptor-ref name="easySSHStack"></default-interceptor-ref>
		<!-- Action请求不存在时执行 -->
		<default-action-ref name="notFound"></default-action-ref>
		<!-- 全局结果 -->
		<global-results>
			<!-- JSON Result -->
			<result name="json" type="json">
				<param name="excludeProperties">
					password,.*\.password
				</param>
				<param name="ignoreHierarchy">false</param>
				<param name="root">jsonRoot</param> <!-- JSON根对象 -->
				<!-- <param name="excludeNullProperties"> true </param> -->
			</result>
			<result name="login">/WEB-INF/content/login.jsp</result>
			<result name="loginRedirect" type="redirect">/toLogin.action</result>
			<result name="PermissionDenied">/jsp/error/permissionDenied.jsp</result>
		</global-results>
		
		
		<!-- Action请求不存在时执行 -->
		<action name="notFound">
			<result>/jsp/error/notFound.jsp</result>
		</action>
		
		<!-- 系统登录Action模块 -->
		<action name="login" class="cn.easyproject.easyee.ssh.sys.action.LoginAction">
			<result type="redirect">/toMain.action</result>
		</action>
	<!-- 	<action name="reLogin" method="reLogin" class="cn.easyproject.easyee.ssh.sys.action.LoginAction">
			<result type="redirect">/toMain.action</result>
		</action> -->
		<action name="checkVerifyCode" class="cn.easyproject.easyee.ssh.sys.action.LoginAction" method="checkVerifyCode">
		</action>

		<action name="logout" class="cn.easyproject.easyee.ssh.sys.action.LoginAction" method="logout">
		</action>
	</package>

</struts>    
