<?xml version="1.0" encoding="UTF-8"?>
<beans xmlns="http://www.springframework.org/schema/beans"
	xmlns:xsi="http://www.w3.org/2001/XMLSchema-instance" xmlns:p="http://www.springframework.org/schema/p"
	xmlns:tx="http://www.springframework.org/schema/tx" xmlns:aop="http://www.springframework.org/schema/aop"
	xmlns:context="http://www.springframework.org/schema/context"
	xsi:schemaLocation="http://www.springframework.org/schema/aop http://www.springframework.org/schema/aop/spring-aop-4.1.xsd
		http://www.springframework.org/schema/beans http://www.springframework.org/schema/beans/spring-beans-3.1.xsd
		http://www.springframework.org/schema/context http://www.springframework.org/schema/context/spring-context-4.1.xsd
		http://www.springframework.org/schema/tx http://www.springframework.org/schema/tx/spring-tx.xsd">

	<!-- Bean Annotation -->
	<context:component-scan base-package="cn.easyproject.easyee.ssh.base.dao.impl"></context:component-scan>
	<context:component-scan base-package="cn.easyproject.easyee.ssh.base.service"></context:component-scan>
	<context:component-scan base-package="cn.easyproject.easyee.ssh.sys.service.impl"></context:component-scan>
	<!-- 自定义模块Bean扫描 -->
	<context:component-scan base-package="cn.easyproject.easyee.ssh.module.service.impl"></context:component-scan>
	

</beans>