<?xml version="1.0" encoding="utf-8"?>
<!DOCTYPE hibernate-mapping PUBLIC "-//Hibernate/Hibernate Mapping DTD 3.0//EN"
"http://www.hibernate.org/dtd/hibernate-mapping-3.0.dtd">
<!-- 
    Mapping file autogenerated by MyEclipse Persistence Tools
-->
<hibernate-mapping>
    <class name="cn.easyproject.easyee.ssh.sys.entity.SysMenuPermission" table="sys_menu_permission" catalog="easyssh">
        <id name="menuPermissionId" type="java.lang.Integer">
            <column name="MENU_PERMISSION_ID" />
            <generator class="identity"></generator>
        </id>
        <many-to-one name="sysMenuPermission" class="cn.easyproject.easyee.ssh.sys.entity.SysMenuPermission" fetch="select">
            <column name="PARENT_ID" />
        </many-to-one>
        <property name="name" type="java.lang.String">
            <column name="NAME" length="50" not-null="true" />
        </property>
        <property name="action" type="java.lang.String">
            <column name="ACTION" length="500" />
        </property>
        <property name="sortOrder" type="java.lang.Integer">
            <column name="SORT_ORDER" />
        </property>
        <property name="icon" type="java.lang.String">
            <column name="ICON" length="50" />
        </property>
        <property name="remark" type="java.lang.String">
            <column name="REMARK" length="500" />
        </property>
        <set name="sysRoles" inverse="false" table="sys_role_menu_permission" catalog="easyssh">
            <key>
                <column name="MENU_PERMISSION_ID" not-null="true" />
            </key>
            <many-to-many entity-name="cn.easyproject.easyee.ssh.sys.entity.SysRole">
                <column name="ROLE_ID" not-null="true" />
            </many-to-many>
        </set> 
        <set name="sysOperationPermissions" inverse="true" order-by="OPERATION_PERMISSION_ID asc">
            <key>
                <column name="MENU_PERMISSION_ID" />
            </key>
            <one-to-many class="cn.easyproject.easyee.ssh.sys.entity.SysOperationPermission" />
        </set>
        <set name="sysMenuPermissions" inverse="true" order-by="sort_Order asc" >
            <key>
                <column name="PARENT_ID" />
            </key>
            <one-to-many class="cn.easyproject.easyee.ssh.sys.entity.SysMenuPermission" />
        </set>
    </class>
</hibernate-mapping>
