<?xml version="1.0" encoding="UTF-8"?>
<beans xmlns="http://www.springframework.org/schema/beans"
	xmlns:xsi="http://www.w3.org/2001/XMLSchema-instance" xmlns:p="http://www.springframework.org/schema/p"
	xmlns:tx="http://www.springframework.org/schema/tx" xmlns:aop="http://www.springframework.org/schema/aop"
	xmlns:context="http://www.springframework.org/schema/context"
	xsi:schemaLocation="http://www.springframework.org/schema/aop http://www.springframework.org/schema/aop/spring-aop-4.1.xsd
		http://www.springframework.org/schema/beans http://www.springframework.org/schema/beans/spring-beans-3.1.xsd
		http://www.springframework.org/schema/context http://www.springframework.org/schema/context/spring-context-4.1.xsd
		http://www.springframework.org/schema/tx http://www.springframework.org/schema/tx/spring-tx.xsd">

	<context:property-placeholder location="classpath:db.properties"
		file-encoding="utf-8" />
	<bean id="dataSource" class="com.alibaba.druid.pool.DruidDataSource"
		init-method="init" destroy-method="close">
		<property name="url" value="${db.url}">
		</property>
		<property name="username" value="${db.user}"></property>
		<property name="password" value="${db.pwd}"></property>
		<!-- 配置初始化大小、最小、最大 -->
		<property name="initialSize" value="${pool.initialSize}" />
		<property name="minIdle" value="${pool.minIdle}" />
		<property name="maxActive" value="${pool.maxActive}" />
		<!-- 配置获取连接等待超时的时间 -->
		<property name="maxWait" value="${pool.maxWait}" />

		<!-- 配置间隔多久才进行一次检测，检测需要关闭的空闲连接，单位是毫秒 -->
		<property name="timeBetweenEvictionRunsMillis" value="60000" />
		<!-- 配置一个连接在池中最小生存的时间，单位是毫秒 -->
		<property name="minEvictableIdleTimeMillis" value="300000" />

		<property name="validationQuery" value="SELECT 'x'" />
		<property name="testWhileIdle" value="true" />
		<property name="testOnBorrow" value="false" />
		<property name="testOnReturn" value="false" />

		<!-- 打开PSCache，并且指定每个连接上PSCache的大小 ,注意：如果用Oracle，则把poolPreparedStatements配置为true，mysql可以配置为false。 -->
		<property name="poolPreparedStatements" value="false" />
		<property name="maxPoolPreparedStatementPerConnectionSize"
			value="20" />
	</bean>
	<bean id="sessionFactory"
		class="org.springframework.orm.hibernate5.LocalSessionFactoryBean">
		<property name="dataSource">
			<ref bean="dataSource" />
		</property>
		<property name="hibernateProperties">
			<props>
				<prop key="hibernate.dialect">
					${hibernate.dialect}
				</prop>
				<prop key="hibernate.show_sql">
					${hibernate.show_sql}
				</prop>
			</props>
		</property>
		<!-- Mapping Resource -->
		<property name="mappingDirectoryLocations">
			<list>
				<value>classpath:/cn/easyproject/easyee/ssh/sys/entity</value>
				<!-- 自定义模块XML ORM映射文件配置 -->
				<value>classpath:/cn/easyproject/easyee/ssh/module/entity</value>
			</list>
		</property>
		<property name="packagesToScan">
			<list>
				<value>cn.easyproject.easyee.ssh</value>
			</list>
		</property>
	</bean>
	<!-- Hibernate  事务管理器 -->
	<bean id="transactionManager"
		class="org.springframework.orm.hibernate5.HibernateTransactionManager">
		<property name="sessionFactory" ref="sessionFactory" />
	</bean>
	<!-- <tx:annotation-driven transaction-manager="transactionManager" /> -->
	<tx:advice id="txAdvie" transaction-manager="transactionManager">
		<tx:attributes>
			<!-- 配置事务增强 -->
			<tx:method name="update*" propagation="REQUIRED" />
			<tx:method name="edit*" propagation="REQUIRED" />
			<tx:method name="add*" propagation="REQUIRED" />
			<tx:method name="del*" propagation="REQUIRED" />
			<tx:method name="remove*" propagation="REQUIRED" />
			<tx:method name="insert*" propagation="REQUIRED" />
			<tx:method name="transfor" propagation="REQUIRED" />
			<tx:method name="drawMoney" propagation="REQUIRED" />
			<tx:method name="get*" propagation="REQUIRED" read-only="true" />
			<tx:method name="find*" propagation="REQUIRED" read-only="true" />
			<tx:method name="select*" propagation="REQUIRED" read-only="true" />
			<tx:method name="*" propagation="REQUIRED" />
		</tx:attributes>
	</tx:advice>
	<!-- AOP 将通知织入切点表达式指定的方法-->
	<aop:config>
		<!--  事务AOP -->
		<aop:advisor advice-ref="txAdvie"
			pointcut="execution(* cn.easyproject.easyee.ssh.sys.service..*.*(..))" />
		<!-- 自定义模块事务配置.... -->
		<aop:advisor advice-ref="txAdvie"
			pointcut="execution(* cn.easyproject.easyee.ssh.module.service..*.*(..))" />
	</aop:config>

	<!-- Bean Configuration -->
	<import resource="applicationContext_bean.xml" />
	<import resource="applicationContext_shiro.xml" />

</beans>