<?xml version="1.0" encoding="UTF-8" ?>
   <!DOCTYPE struts PUBLIC
	"-//Apache Software Foundation//DTD Struts Configuration 2.5//EN"
	"http://struts.apache.org/dtds/struts-2.5.dtd">
<struts>
	<!-- easyssh 转发页面包，通过action 配置跳转到 /WEB-INF/ 下的JSP页面 -->
	<package name="easyssh-dispatcher" extends="easyssh-default" namespace="/">
	
		<action name="toLogin">
			<result>/WEB-INF/content/login.jsp</result>
		</action>
		<action name="toMain">
			<result>/WEB-INF/content/main/main.jsp</result>
		</action>
		<action name="toSysUser">
			<result>/WEB-INF/content/main/sys/sysUser.jsp</result>
		</action>
		<action name="toSysRole">
			<result>/WEB-INF/content/main/sys/sysRole.jsp</result>
		</action>
		<action name="toSysMenuPermission">
			<result>/WEB-INF/content/main/sys/sysMenuPermission.jsp</result>
		</action>
		<action name="toSysOperationPermission">  
			<result>/WEB-INF/content/main/sys/sysOperationPermission.jsp</result>
		</action>
		<action name="toSysLog">  
			<result>/WEB-INF/content/main/sys/sysLog.jsp</result>
		</action>
		
		<action name="toReports">  
			<result>/WEB-INF/content/main/reports/doChart.jsp</result>
		</action>
		
		
		<action name="toDept">  
			<result>/WEB-INF/content/main/module/dept.jsp</result>
		</action>
		<action name="toEmp">  
			<result>/WEB-INF/content/main/module/emp.jsp</result>
		</action>
		
		
	</package>
</struts>    
