<?xml version="1.0" encoding="UTF-8" ?>
   <!DOCTYPE struts PUBLIC
	"-//Apache Software Foundation//DTD Struts Configuration 2.5//EN"
	"http://struts.apache.org/dtds/struts-2.5.dtd">
<struts>
	<!-- easyssh 默认主系统配置模块包 -->
	<include file="struts_easyssh_default.xml"></include>
	<!-- 页面转发跳转配置包 -->
	<include file="struts_easyssh_dispatcher.xml"></include>
	<!-- EasySSH 权限系统配置包 -->
	<include file="struts_easyssh_sys.xml"></include>
	
	<!-- 自定义模块开发配置文件 - 员工管理 -->
	<include file="struts_easyssh_module.xml"></include>
	
	
	
</struts>    
